debugBN5RZB:debugA8L9L7,0,1548381278522,"{""action"": ""Begin"", ""phase"": ""INSTRUCTIONS"", ""templates"": [""instructions/instruct-1.html"", ""instructions/instruct-2.html"", ""instructions/instruct-ready.html""]}"
debugBN5RZB:debugA8L9L7,1,1548381284467,"{""action"": ""NextPage"", ""indexOf"": 0, ""viewTime"": 5939, ""phase"": ""INSTRUCTIONS"", ""template"": ""instructions/instruct-1.html""}"
debugBN5RZB:debugA8L9L7,2,1548381295064,"{""action"": ""NextPage"", ""indexOf"": 1, ""viewTime"": 10593, ""phase"": ""INSTRUCTIONS"", ""template"": ""instructions/instruct-2.html""}"
debugBN5RZB:debugA8L9L7,3,1548381323694,"{""action"": ""FinishInstructions"", ""indexOf"": 2, ""viewTime"": 28628, ""phase"": ""INSTRUCTIONS"", ""template"": ""instructions/instruct-ready.html""}"
debugBN5RZB:debugA8L9L7,4,1548381330460,"{""rt"": 6760, ""repeat"": 0, ""low_first"": 0, ""pair_ind"": 89, ""im1"": ""/static/images/stargan_pairwise/stargan_75attr_lo.png"", ""im2"": ""/static/images/stargan_pairwise/stargan_75attr_hi.png"", ""phase"": ""TEST"", ""task_type"": ""gt"", ""response"": ""right""}"
debugBN5RZB:debugA8L9L7,5,1548381331674,"{""rt"": 1213, ""repeat"": 0, ""low_first"": 1, ""pair_ind"": 26, ""im1"": ""/static/images/stargan_pairwise/stargan_27attr_hi.png"", ""im2"": ""/static/images/stargan_pairwise/stargan_27attr_lo.png"", ""phase"": ""TEST"", ""task_type"": ""stargan"", ""response"": ""left""}"
debugBN5RZB:debugA8L9L7,6,1548381333161,"{""rt"": 1487, ""repeat"": 0, ""low_first"": 0, ""pair_ind"": 14, ""im1"": ""/static/images/gt_pairwise/attractive-high-4.png"", ""im2"": ""/static/images/gt_pairwise/attractive-low-4.png"", ""phase"": ""TEST"", ""task_type"": ""stargan"", ""response"": ""left""}"
debugBN5RZB:debugA8L9L7,7,1548381334284,"{""rt"": 1123, ""repeat"": 0, ""low_first"": 0, ""pair_ind"": 9, ""im1"": ""/static/images/stargan_pairwise/stargan_77attr_lo.png"", ""im2"": ""/static/images/stargan_pairwise/stargan_77attr_hi.png"", ""phase"": ""TEST"", ""task_type"": ""stargan"", ""response"": ""right""}"
debugBN5RZB:debugA8L9L7,8,1548381335424,"{""rt"": 1140, ""repeat"": 0, ""low_first"": 1, ""pair_ind"": 63, ""im1"": ""/static/images/stargan_pairwise/stargan_64attr_hi.png"", ""im2"": ""/static/images/stargan_pairwise/stargan_64attr_lo.png"", ""phase"": ""TEST"", ""task_type"": ""stargan"", ""response"": ""right""}"
debugBN5RZB:debugA8L9L7,9,1548381338349,"{""rt"": 2925, ""repeat"": 0, ""low_first"": 0, ""pair_ind"": 52, ""im1"": ""/static/images/stargan_pairwise/stargan_17attr_lo.png"", ""im2"": ""/static/images/stargan_pairwise/stargan_17attr_hi.png"", ""phase"": ""TEST"", ""task_type"": ""stargan"", ""response"": ""right""}"
debugBN5RZB:debugA8L9L7,10,1548381339534,"{""rt"": 1184, ""repeat"": 0, ""low_first"": 0, ""pair_ind"": 76, ""im1"": ""/static/images/stargan_pairwise/stargan_22attr_lo.png"", ""im2"": ""/static/images/stargan_pairwise/stargan_22attr_hi.png"", ""phase"": ""TEST"", ""task_type"": ""stargan"", ""response"": ""right""}"
debugBN5RZB:debugA8L9L7,11,1548381341199,"{""rt"": 1665, ""repeat"": 0, ""low_first"": 1, ""pair_ind"": 13, ""im1"": ""/static/images/stargan_pairwise/stargan_14attr_hi.png"", ""im2"": ""/static/images/stargan_pairwise/stargan_14attr_lo.png"", ""phase"": ""TEST"", ""task_type"": ""stargan"", ""response"": ""left""}"
debugBN5RZB:debugA8L9L7,12,1548381342444,"{""rt"": 1245, ""repeat"": 0, ""low_first"": 1, ""pair_ind"": 64, ""im1"": ""/static/images/stargan_pairwise/stargan_65attr_hi.png"", ""im2"": ""/static/images/stargan_pairwise/stargan_65attr_lo.png"", ""phase"": ""TEST"", ""task_type"": ""stargan"", ""response"": ""left""}"
debugBN5RZB:debugA8L9L7,13,1548381343584,"{""rt"": 1139, ""repeat"": 0, ""low_first"": 1, ""pair_ind"": 10, ""im1"": ""/static/images/stargan_pairwise/stargan_11attr_hi.png"", ""im2"": ""/static/images/stargan_pairwise/stargan_11attr_lo.png"", ""phase"": ""TEST"", ""task_type"": ""stargan"", ""response"": ""left""}"
debugBN5RZB:debugA8L9L7,14,1548381344754,"{""rt"": 1170, ""repeat"": 0, ""low_first"": 0, ""pair_ind"": 41, ""im1"": ""/static/images/gt_pairwise/attractive-high-0.png"", ""im2"": ""/static/images/gt_pairwise/attractive-low-0.png"", ""phase"": ""TEST"", ""task_type"": ""stargan"", ""response"": ""left""}"
debugBN5RZB:debugA8L9L7,15,1548381345743,"{""rt"": 988, ""repeat"": 0, ""low_first"": 0, ""pair_ind"": 42, ""im1"": ""/static/images/stargan_pairwise/stargan_73attr_lo.png"", ""im2"": ""/static/images/stargan_pairwise/stargan_73attr_hi.png"", ""phase"": ""TEST"", ""task_type"": ""stargan"", ""response"": ""right""}"
debugBN5RZB:debugA8L9L7,16,1548381347078,"{""rt"": 1334, ""repeat"": 0, ""low_first"": 1, ""pair_ind"": 17, ""im1"": ""/static/images/stargan_pairwise/stargan_18attr_hi.png"", ""im2"": ""/static/images/stargan_pairwise/stargan_18attr_lo.png"", ""phase"": ""TEST"", ""task_type"": ""stargan"", ""response"": ""right""}"
debugBN5RZB:debugA8L9L7,17,1548381347994,"{""rt"": 915, ""repeat"": 0, ""low_first"": 1, ""pair_ind"": 82, ""im1"": ""/static/images/gt_pairwise/attractive-low-2.png"", ""im2"": ""/static/images/gt_pairwise/attractive-high-2.png"", ""phase"": ""TEST"", ""task_type"": ""gt"", ""response"": ""right""}"
debugBN5RZB:debugA8L9L7,18,1548381349105,"{""rt"": 1110, ""repeat"": 1, ""low_first"": 0, ""pair_ind"": 43, ""im1"": ""/static/images/stargan_pairwise/stargan_56attr_lo.png"", ""im2"": ""/static/images/stargan_pairwise/stargan_56attr_hi.png"", ""phase"": ""TEST"", ""task_type"": ""stargan"", ""response"": ""right""}"
debugBN5RZB:debugA8L9L7,19,1548381351459,"{""rt"": 2354, ""repeat"": 0, ""low_first"": 1, ""pair_ind"": 36, ""im1"": ""/static/images/stargan_pairwise/stargan_37attr_hi.png"", ""im2"": ""/static/images/stargan_pairwise/stargan_37attr_lo.png"", ""phase"": ""TEST"", ""task_type"": ""stargan"", ""response"": ""left""}"
debugBN5RZB:debugA8L9L7,20,1548381352463,"{""rt"": 1003, ""repeat"": 1, ""low_first"": 1, ""pair_ind"": 19, ""im1"": ""/static/images/stargan_pairwise/stargan_20attr_hi.png"", ""im2"": ""/static/images/stargan_pairwise/stargan_20attr_lo.png"", ""phase"": ""TEST"", ""task_type"": ""stargan"", ""response"": ""left""}"
debugBN5RZB:debugA8L9L7,21,1548381353289,"{""rt"": 824, ""repeat"": 0, ""low_first"": 1, ""pair_ind"": 85, ""im1"": ""/static/images/gt_pairwise/attractive-low-5.png"", ""im2"": ""/static/images/gt_pairwise/attractive-high-5.png"", ""phase"": ""TEST"", ""task_type"": ""gt"", ""response"": ""right""}"
debugBN5RZB:debugA8L9L7,22,1548381354670,"{""rt"": 1380, ""repeat"": 0, ""low_first"": 0, ""pair_ind"": 86, ""im1"": ""/static/images/stargan_pairwise/stargan_10attr_lo.png"", ""im2"": ""/static/images/stargan_pairwise/stargan_10attr_hi.png"", ""phase"": ""TEST"", ""task_type"": ""gt"", ""response"": ""right""}"
debugBN5RZB:debugA8L9L7,23,1548381355539,"{""rt"": 869, ""repeat"": 0, ""low_first"": 0, ""pair_ind"": 22, ""im1"": ""/static/images/stargan_pairwise/stargan_67attr_lo.png"", ""im2"": ""/static/images/stargan_pairwise/stargan_67attr_hi.png"", ""phase"": ""TEST"", ""task_type"": ""stargan"", ""response"": ""right""}"
debugBN5RZB:debugA8L9L7,24,1548381356530,"{""rt"": 990, ""repeat"": 0, ""low_first"": 1, ""pair_ind"": 69, ""im1"": ""/static/images/stargan_pairwise/stargan_70attr_hi.png"", ""im2"": ""/static/images/stargan_pairwise/stargan_70attr_lo.png"", ""phase"": ""TEST"", ""task_type"": ""stargan"", ""response"": ""right""}"
debugBN5RZB:debugA8L9L7,25,1548381358540,"{""rt"": 2010, ""repeat"": 0, ""low_first"": 1, ""pair_ind"": 40, ""im1"": ""/static/images/stargan_pairwise/stargan_41attr_hi.png"", ""im2"": ""/static/images/stargan_pairwise/stargan_41attr_lo.png"", ""phase"": ""TEST"", ""task_type"": ""stargan"", ""response"": ""right""}"
debugBN5RZB:debugA8L9L7,26,1548381359844,"{""rt"": 1304, ""repeat"": 0, ""low_first"": 0, ""pair_ind"": 31, ""im1"": ""/static/images/stargan_pairwise/stargan_21attr_lo.png"", ""im2"": ""/static/images/stargan_pairwise/stargan_21attr_hi.png"", ""phase"": ""TEST"", ""task_type"": ""stargan"", ""response"": ""right""}"
debugBN5RZB:debugA8L9L7,27,1548381361765,"{""rt"": 1921, ""repeat"": 0, ""low_first"": 1, ""pair_ind"": 75, ""im1"": ""/static/images/stargan_pairwise/stargan_76attr_hi.png"", ""im2"": ""/static/images/stargan_pairwise/stargan_76attr_lo.png"", ""phase"": ""TEST"", ""task_type"": ""stargan"", ""response"": ""left""}"
debugBN5RZB:debugA8L9L7,28,1548381362919,"{""rt"": 1154, ""repeat"": 0, ""low_first"": 0, ""pair_ind"": 15, ""im1"": ""/static/images/stargan_pairwise/stargan_47attr_lo.png"", ""im2"": ""/static/images/stargan_pairwise/stargan_47attr_hi.png"", ""phase"": ""TEST"", ""task_type"": ""stargan"", ""response"": ""right""}"
debugBN5RZB:debugA8L9L7,29,1548381364225,"{""rt"": 1305, ""repeat"": 0, ""low_first"": 1, ""pair_ind"": 8, ""im1"": ""/static/images/stargan_pairwise/stargan_9attr_hi.png"", ""im2"": ""/static/images/stargan_pairwise/stargan_9attr_lo.png"", ""phase"": ""TEST"", ""task_type"": ""stargan"", ""response"": ""left""}"
debugBN5RZB:debugA8L9L7,30,1548381365530,"{""rt"": 1305, ""repeat"": 0, ""low_first"": 1, ""pair_ind"": 6, ""im1"": ""/static/images/stargan_pairwise/stargan_7attr_hi.png"", ""im2"": ""/static/images/stargan_pairwise/stargan_7attr_lo.png"", ""phase"": ""TEST"", ""task_type"": ""stargan"", ""response"": ""left""}"
debugBN5RZB:debugA8L9L7,31,1548381366939,"{""rt"": 1408, ""repeat"": 0, ""low_first"": 0, ""pair_ind"": 45, ""im1"": ""/static/images/stargan_pairwise/stargan_34attr_lo.png"", ""im2"": ""/static/images/stargan_pairwise/stargan_34attr_hi.png"", ""phase"": ""TEST"", ""task_type"": ""stargan"", ""response"": ""right""}"
debugBN5RZB:debugA8L9L7,32,1548381367989,"{""rt"": 1049, ""repeat"": 0, ""low_first"": 0, ""pair_ind"": 88, ""im1"": ""/static/images/stargan_pairwise/stargan_43attr_lo.png"", ""im2"": ""/static/images/stargan_pairwise/stargan_43attr_hi.png"", ""phase"": ""TEST"", ""task_type"": ""gt"", ""response"": ""right""}"
debugBN5RZB:debugA8L9L7,33,1548381369309,"{""rt"": 1320, ""repeat"": 0, ""low_first"": 1, ""pair_ind"": 60, ""im1"": ""/static/images/stargan_pairwise/stargan_61attr_hi.png"", ""im2"": ""/static/images/stargan_pairwise/stargan_61attr_lo.png"", ""phase"": ""TEST"", ""task_type"": ""stargan"", ""response"": ""left""}"
debugBN5RZB:debugA8L9L7,34,1548381371770,"{""rt"": 2461, ""repeat"": 0, ""low_first"": 1, ""pair_ind"": 79, ""im1"": ""/static/images/stargan_pairwise/stargan_80attr_hi.png"", ""im2"": ""/static/images/stargan_pairwise/stargan_80attr_lo.png"", ""phase"": ""TEST"", ""task_type"": ""stargan"", ""response"": ""right""}"
debugBN5RZB:debugA8L9L7,35,1548381372714,"{""rt"": 944, ""repeat"": 0, ""low_first"": 1, ""pair_ind"": 2, ""im1"": ""/static/images/stargan_pairwise/stargan_3attr_hi.png"", ""im2"": ""/static/images/stargan_pairwise/stargan_3attr_lo.png"", ""phase"": ""TEST"", ""task_type"": ""stargan"", ""response"": ""left""}"
debugBN5RZB:debugA8L9L7,36,1548381373779,"{""rt"": 1064, ""repeat"": 0, ""low_first"": 1, ""pair_ind"": 51, ""im1"": ""/static/images/stargan_pairwise/stargan_52attr_hi.png"", ""im2"": ""/static/images/stargan_pairwise/stargan_52attr_lo.png"", ""phase"": ""TEST"", ""task_type"": ""stargan"", ""response"": ""left""}"
debugBN5RZB:debugA8L9L7,37,1548381375580,"{""rt"": 1800, ""repeat"": 0, ""low_first"": 0, ""pair_ind"": 47, ""im1"": ""/static/images/stargan_pairwise/stargan_30attr_lo.png"", ""im2"": ""/static/images/stargan_pairwise/stargan_30attr_hi.png"", ""phase"": ""TEST"", ""task_type"": ""stargan"", ""response"": ""right""}"
debugBN5RZB:debugA8L9L7,38,1548381376434,"{""rt"": 854, ""repeat"": 0, ""low_first"": 1, ""pair_ind"": 39, ""im1"": ""/static/images/stargan_pairwise/stargan_40attr_hi.png"", ""im2"": ""/static/images/stargan_pairwise/stargan_40attr_lo.png"", ""phase"": ""TEST"", ""task_type"": ""stargan"", ""response"": ""left""}"
debugBN5RZB:debugA8L9L7,39,1548381378880,"{""rt"": 2446, ""repeat"": 0, ""low_first"": 0, ""pair_ind"": 0, ""im1"": ""/static/images/gt_pairwise/attractive-high-1.png"", ""im2"": ""/static/images/gt_pairwise/attractive-low-1.png"", ""phase"": ""TEST"", ""task_type"": ""stargan"", ""response"": ""left""}"
debugBN5RZB:debugA8L9L7,40,1548381380185,"{""rt"": 1305, ""repeat"": 0, ""low_first"": 1, ""pair_ind"": 49, ""im1"": ""/static/images/stargan_pairwise/stargan_50attr_hi.png"", ""im2"": ""/static/images/stargan_pairwise/stargan_50attr_lo.png"", ""phase"": ""TEST"", ""task_type"": ""stargan"", ""response"": ""left""}"
debugBN5RZB:debugA8L9L7,41,1548381381849,"{""rt"": 1664, ""repeat"": 0, ""low_first"": 1, ""pair_ind"": 18, ""im1"": ""/static/images/stargan_pairwise/stargan_19attr_hi.png"", ""im2"": ""/static/images/stargan_pairwise/stargan_19attr_lo.png"", ""phase"": ""TEST"", ""task_type"": ""stargan"", ""response"": ""left""}"
debugBN5RZB:debugA8L9L7,42,1548381383979,"{""rt"": 2129, ""repeat"": 0, ""low_first"": 0, ""pair_ind"": 28, ""im1"": ""/static/images/stargan_pairwise/stargan_78attr_lo.png"", ""im2"": ""/static/images/stargan_pairwise/stargan_78attr_hi.png"", ""phase"": ""TEST"", ""task_type"": ""stargan"", ""response"": ""right""}"
debugBN5RZB:debugA8L9L7,43,1548381385074,"{""rt"": 1094, ""repeat"": 0, ""low_first"": 0, ""pair_ind"": 24, ""im1"": ""/static/images/stargan_pairwise/stargan_58attr_lo.png"", ""im2"": ""/static/images/stargan_pairwise/stargan_58attr_hi.png"", ""phase"": ""TEST"", ""task_type"": ""stargan"", ""response"": ""right""}"
debugBN5RZB:debugA8L9L7,44,1548381386305,"{""rt"": 1230, ""repeat"": 0, ""low_first"": 1, ""pair_ind"": 37, ""im1"": ""/static/images/stargan_pairwise/stargan_38attr_hi.png"", ""im2"": ""/static/images/stargan_pairwise/stargan_38attr_lo.png"", ""phase"": ""TEST"", ""task_type"": ""stargan"", ""response"": ""right""}"
debugBN5RZB:debugA8L9L7,45,1548381387383,"{""rt"": 1078, ""repeat"": 0, ""low_first"": 0, ""pair_ind"": 43, ""im1"": ""/static/images/stargan_pairwise/stargan_65attr_lo.png"", ""im2"": ""/static/images/stargan_pairwise/stargan_65attr_hi.png"", ""phase"": ""TEST"", ""task_type"": ""stargan"", ""response"": ""right""}"
debugBN5RZB:debugA8L9L7,46,1548381388555,"{""rt"": 1171, ""repeat"": 0, ""low_first"": 1, ""pair_ind"": 81, ""im1"": ""/static/images/gt_pairwise/attractive-low-1.png"", ""im2"": ""/static/images/gt_pairwise/attractive-high-1.png"", ""phase"": ""TEST"", ""task_type"": ""gt"", ""response"": ""right""}"
debugBN5RZB:debugA8L9L7,47,1548381392080,"{""rt"": 3525, ""repeat"": 0, ""low_first"": 0, ""pair_ind"": 4, ""im1"": ""/static/images/stargan_pairwise/stargan_68attr_lo.png"", ""im2"": ""/static/images/stargan_pairwise/stargan_68attr_hi.png"", ""phase"": ""TEST"", ""task_type"": ""stargan"", ""response"": ""right""}"
debugBN5RZB:debugA8L9L7,48,1548381393160,"{""rt"": 1080, ""repeat"": 0, ""low_first"": 1, ""pair_ind"": 3, ""im1"": ""/static/images/stargan_pairwise/stargan_4attr_hi.png"", ""im2"": ""/static/images/stargan_pairwise/stargan_4attr_lo.png"", ""phase"": ""TEST"", ""task_type"": ""stargan"", ""response"": ""left""}"
debugBN5RZB:debugA8L9L7,49,1548381394449,"{""rt"": 1289, ""repeat"": 0, ""low_first"": 1, ""pair_ind"": 35, ""im1"": ""/static/images/stargan_pairwise/stargan_36attr_hi.png"", ""im2"": ""/static/images/stargan_pairwise/stargan_36attr_lo.png"", ""phase"": ""TEST"", ""task_type"": ""stargan"", ""response"": ""left""}"
debugBN5RZB:debugA8L9L7,50,1548381395454,"{""rt"": 1005, ""repeat"": 0, ""low_first"": 1, ""pair_ind"": 77, ""im1"": ""/static/images/stargan_pairwise/stargan_78attr_hi.png"", ""im2"": ""/static/images/stargan_pairwise/stargan_78attr_lo.png"", ""phase"": ""TEST"", ""task_type"": ""stargan"", ""response"": ""left""}"
debugBN5RZB:debugA8L9L7,51,1548381396564,"{""rt"": 1110, ""repeat"": 0, ""low_first"": 1, ""pair_ind"": 71, ""im1"": ""/static/images/stargan_pairwise/stargan_72attr_hi.png"", ""im2"": ""/static/images/stargan_pairwise/stargan_72attr_lo.png"", ""phase"": ""TEST"", ""task_type"": ""stargan"", ""response"": ""left""}"
debugBN5RZB:debugA8L9L7,52,1548381397570,"{""rt"": 1005, ""repeat"": 0, ""low_first"": 1, ""pair_ind"": 87, ""im1"": ""/static/images/gt_pairwise/attractive-low-7.png"", ""im2"": ""/static/images/gt_pairwise/attractive-high-7.png"", ""phase"": ""TEST"", ""task_type"": ""gt"", ""response"": ""right""}"
debugBN5RZB:debugA8L9L7,53,1548381398500,"{""rt"": 930, ""repeat"": 0, ""low_first"": 0, ""pair_ind"": 56, ""im1"": ""/static/images/stargan_pairwise/stargan_4attr_lo.png"", ""im2"": ""/static/images/stargan_pairwise/stargan_4attr_hi.png"", ""phase"": ""TEST"", ""task_type"": ""stargan"", ""response"": ""right""}"
debugBN5RZB:debugA8L9L7,54,1548381399520,"{""rt"": 1020, ""repeat"": 1, ""low_first"": 1, ""pair_ind"": 17, ""im1"": ""/static/images/stargan_pairwise/stargan_18attr_hi.png"", ""im2"": ""/static/images/stargan_pairwise/stargan_18attr_lo.png"", ""phase"": ""TEST"", ""task_type"": ""stargan"", ""response"": ""right""}"
debugBN5RZB:debugA8L9L7,55,1548381400345,"{""rt"": 825, ""repeat"": 0, ""low_first"": 1, ""pair_ind"": 84, ""im1"": ""/static/images/gt_pairwise/attractive-low-4.png"", ""im2"": ""/static/images/gt_pairwise/attractive-high-4.png"", ""phase"": ""TEST"", ""task_type"": ""gt"", ""response"": ""right""}"
debugBN5RZB:debugA8L9L7,56,1548381401350,"{""rt"": 1005, ""repeat"": 1, ""low_first"": 1, ""pair_ind"": 4, ""im1"": ""/static/images/stargan_pairwise/stargan_5attr_hi.png"", ""im2"": ""/static/images/stargan_pairwise/stargan_5attr_lo.png"", ""phase"": ""TEST"", ""task_type"": ""stargan"", ""response"": ""right""}"
debugBN5RZB:debugA8L9L7,57,1548381402235,"{""rt"": 885, ""repeat"": 0, ""low_first"": 0, ""pair_ind"": 80, ""im1"": ""/static/images/stargan_pairwise/stargan_46attr_lo.png"", ""im2"": ""/static/images/stargan_pairwise/stargan_46attr_hi.png"", ""phase"": ""TEST"", ""task_type"": ""gt"", ""response"": ""right""}"
debugBN5RZB:debugA8L9L7,58,1548381403330,"{""rt"": 1095, ""repeat"": 0, ""low_first"": 1, ""pair_ind"": 74, ""im1"": ""/static/images/stargan_pairwise/stargan_75attr_hi.png"", ""im2"": ""/static/images/stargan_pairwise/stargan_75attr_lo.png"", ""phase"": ""TEST"", ""task_type"": ""stargan"", ""response"": ""right""}"
debugBN5RZB:debugA8L9L7,59,1548381404244,"{""rt"": 913, ""repeat"": 0, ""low_first"": 0, ""pair_ind"": 48, ""im1"": ""/static/images/stargan_pairwise/stargan_70attr_lo.png"", ""im2"": ""/static/images/stargan_pairwise/stargan_70attr_hi.png"", ""phase"": ""TEST"", ""task_type"": ""stargan"", ""response"": ""right""}"
debugBN5RZB:debugA8L9L7,60,1548381405100,"{""rt"": 855, ""repeat"": 0, ""low_first"": 0, ""pair_ind"": 44, ""im1"": ""/static/images/stargan_pairwise/stargan_29attr_lo.png"", ""im2"": ""/static/images/stargan_pairwise/stargan_29attr_hi.png"", ""phase"": ""TEST"", ""task_type"": ""stargan"", ""response"": ""right""}"
debugBN5RZB:debugA8L9L7,61,1548381405834,"{""rt"": 733, ""repeat"": 0, ""low_first"": 0, ""pair_ind"": 34, ""im1"": ""/static/images/stargan_pairwise/stargan_57attr_lo.png"", ""im2"": ""/static/images/stargan_pairwise/stargan_57attr_hi.png"", ""phase"": ""TEST"", ""task_type"": ""stargan"", ""response"": ""right""}"
debugBN5RZB:debugA8L9L7,62,1548381406659,"{""rt"": 825, ""repeat"": 0, ""low_first"": 0, ""pair_ind"": 57, ""im1"": ""/static/images/stargan_pairwise/stargan_74attr_lo.png"", ""im2"": ""/static/images/stargan_pairwise/stargan_74attr_hi.png"", ""phase"": ""TEST"", ""task_type"": ""stargan"", ""response"": ""right""}"
debugBN5RZB:debugA8L9L7,63,1548381407410,"{""rt"": 750, ""repeat"": 0, ""low_first"": 0, ""pair_ind"": 32, ""im1"": ""/static/images/stargan_pairwise/stargan_66attr_lo.png"", ""im2"": ""/static/images/stargan_pairwise/stargan_66attr_hi.png"", ""phase"": ""TEST"", ""task_type"": ""stargan"", ""response"": ""right""}"
debugBN5RZB:debugA8L9L7,64,1548381408639,"{""rt"": 1229, ""repeat"": 0, ""low_first"": 1, ""pair_ind"": 53, ""im1"": ""/static/images/stargan_pairwise/stargan_54attr_hi.png"", ""im2"": ""/static/images/stargan_pairwise/stargan_54attr_lo.png"", ""phase"": ""TEST"", ""task_type"": ""stargan"", ""response"": ""right""}"
debugBN5RZB:debugA8L9L7,65,1548381409840,"{""rt"": 1200, ""repeat"": 0, ""low_first"": 1, ""pair_ind"": 21, ""im1"": ""/static/images/stargan_pairwise/stargan_22attr_hi.png"", ""im2"": ""/static/images/stargan_pairwise/stargan_22attr_lo.png"", ""phase"": ""TEST"", ""task_type"": ""stargan"", ""response"": ""right""}"
debugBN5RZB:debugA8L9L7,66,1548381410725,"{""rt"": 884, ""repeat"": 0, ""low_first"": 0, ""pair_ind"": 78, ""im1"": ""/static/images/stargan_pairwise/stargan_61attr_lo.png"", ""im2"": ""/static/images/stargan_pairwise/stargan_61attr_hi.png"", ""phase"": ""TEST"", ""task_type"": ""stargan"", ""response"": ""right""}"
debugBN5RZB:debugA8L9L7,67,1548381415435,"{""rt"": 4709, ""repeat"": 0, ""low_first"": 1, ""pair_ind"": 33, ""im1"": ""/static/images/stargan_pairwise/stargan_34attr_hi.png"", ""im2"": ""/static/images/stargan_pairwise/stargan_34attr_lo.png"", ""phase"": ""TEST"", ""task_type"": ""stargan"", ""response"": ""left""}"
debugBN5RZB:debugA8L9L7,68,1548381417175,"{""rt"": 1740, ""repeat"": 0, ""low_first"": 1, ""pair_ind"": 65, ""im1"": ""/static/images/stargan_pairwise/stargan_66attr_hi.png"", ""im2"": ""/static/images/stargan_pairwise/stargan_66attr_lo.png"", ""phase"": ""TEST"", ""task_type"": ""stargan"", ""response"": ""left""}"
debugBN5RZB:debugA8L9L7,69,1548381418810,"{""rt"": 1634, ""repeat"": 0, ""low_first"": 1, ""pair_ind"": 38, ""im1"": ""/static/images/stargan_pairwise/stargan_39attr_hi.png"", ""im2"": ""/static/images/stargan_pairwise/stargan_39attr_lo.png"", ""phase"": ""TEST"", ""task_type"": ""stargan"", ""response"": ""right""}"
debugBN5RZB:debugA8L9L7,70,1548381420070,"{""rt"": 1259, ""repeat"": 0, ""low_first"": 1, ""pair_ind"": 73, ""im1"": ""/static/images/stargan_pairwise/stargan_74attr_hi.png"", ""im2"": ""/static/images/stargan_pairwise/stargan_74attr_lo.png"", ""phase"": ""TEST"", ""task_type"": ""stargan"", ""response"": ""left""}"
debugBN5RZB:debugA8L9L7,71,1548381420970,"{""rt"": 900, ""repeat"": 0, ""low_first"": 1, ""pair_ind"": 72, ""im1"": ""/static/images/stargan_pairwise/stargan_73attr_hi.png"", ""im2"": ""/static/images/stargan_pairwise/stargan_73attr_lo.png"", ""phase"": ""TEST"", ""task_type"": ""stargan"", ""response"": ""left""}"
debugBN5RZB:debugA8L9L7,72,1548381421930,"{""rt"": 960, ""repeat"": 0, ""low_first"": 1, ""pair_ind"": 50, ""im1"": ""/static/images/stargan_pairwise/stargan_51attr_hi.png"", ""im2"": ""/static/images/stargan_pairwise/stargan_51attr_lo.png"", ""phase"": ""TEST"", ""task_type"": ""stargan"", ""response"": ""right""}"
debugBN5RZB:debugA8L9L7,73,1548381423940,"{""rt"": 2010, ""repeat"": 0, ""low_first"": 1, ""pair_ind"": 20, ""im1"": ""/static/images/stargan_pairwise/stargan_21attr_hi.png"", ""im2"": ""/static/images/stargan_pairwise/stargan_21attr_lo.png"", ""phase"": ""TEST"", ""task_type"": ""stargan"", ""response"": ""left""}"
debugBN5RZB:debugA8L9L7,74,1548381425395,"{""rt"": 1455, ""repeat"": 1, ""low_first"": 0, ""pair_ind"": 50, ""im1"": ""/static/images/stargan_pairwise/stargan_15attr_lo.png"", ""im2"": ""/static/images/stargan_pairwise/stargan_15attr_hi.png"", ""phase"": ""TEST"", ""task_type"": ""stargan"", ""response"": ""right""}"
debugBN5RZB:debugA8L9L7,75,1548381426655,"{""rt"": 1260, ""repeat"": 0, ""low_first"": 0, ""pair_ind"": 12, ""im1"": ""/static/images/stargan_pairwise/stargan_31attr_lo.png"", ""im2"": ""/static/images/stargan_pairwise/stargan_31attr_hi.png"", ""phase"": ""TEST"", ""task_type"": ""stargan"", ""response"": ""left""}"
debugBN5RZB:debugA8L9L7,76,1548381427915,"{""rt"": 1259, ""repeat"": 1, ""low_first"": 1, ""pair_ind"": 74, ""im1"": ""/static/images/stargan_pairwise/stargan_75attr_hi.png"", ""im2"": ""/static/images/stargan_pairwise/stargan_75attr_lo.png"", ""phase"": ""TEST"", ""task_type"": ""stargan"", ""response"": ""right""}"
debugBN5RZB:debugA8L9L7,77,1548381429610,"{""rt"": 1695, ""repeat"": 0, ""low_first"": 1, ""pair_ind"": 54, ""im1"": ""/static/images/stargan_pairwise/stargan_55attr_hi.png"", ""im2"": ""/static/images/stargan_pairwise/stargan_55attr_lo.png"", ""phase"": ""TEST"", ""task_type"": ""stargan"", ""response"": ""right""}"
debugBN5RZB:debugA8L9L7,78,1548381430750,"{""rt"": 1140, ""repeat"": 0, ""low_first"": 1, ""pair_ind"": 11, ""im1"": ""/static/images/stargan_pairwise/stargan_12attr_hi.png"", ""im2"": ""/static/images/stargan_pairwise/stargan_12attr_lo.png"", ""phase"": ""TEST"", ""task_type"": ""stargan"", ""response"": ""left""}"
debugBN5RZB:debugA8L9L7,79,1548381431919,"{""rt"": 1169, ""repeat"": 0, ""low_first"": 1, ""pair_ind"": 58, ""im1"": ""/static/images/stargan_pairwise/stargan_59attr_hi.png"", ""im2"": ""/static/images/stargan_pairwise/stargan_59attr_lo.png"", ""phase"": ""TEST"", ""task_type"": ""stargan"", ""response"": ""right""}"
debugBN5RZB:debugA8L9L7,80,1548381433524,"{""rt"": 1604, ""repeat"": 1, ""low_first"": 1, ""pair_ind"": 14, ""im1"": ""/static/images/stargan_pairwise/stargan_15attr_hi.png"", ""im2"": ""/static/images/stargan_pairwise/stargan_15attr_lo.png"", ""phase"": ""TEST"", ""task_type"": ""stargan"", ""response"": ""right""}"
debugBN5RZB:debugA8L9L7,81,1548381434410,"{""rt"": 885, ""repeat"": 0, ""low_first"": 0, ""pair_ind"": 70, ""im1"": ""/static/images/stargan_pairwise/stargan_20attr_lo.png"", ""im2"": ""/static/images/stargan_pairwise/stargan_20attr_hi.png"", ""phase"": ""TEST"", ""task_type"": ""stargan"", ""response"": ""right""}"
debugBN5RZB:debugA8L9L7,82,1548381435354,"{""rt"": 943, ""repeat"": 0, ""low_first"": 0, ""pair_ind"": 83, ""im1"": ""/static/images/stargan_pairwise/stargan_14attr_lo.png"", ""im2"": ""/static/images/stargan_pairwise/stargan_14attr_hi.png"", ""phase"": ""TEST"", ""task_type"": ""gt"", ""response"": ""right""}"
debugBN5RZB:debugA8L9L7,83,1548381436239,"{""rt"": 884, ""repeat"": 0, ""low_first"": 1, ""pair_ind"": 30, ""im1"": ""/static/images/stargan_pairwise/stargan_31attr_hi.png"", ""im2"": ""/static/images/stargan_pairwise/stargan_31attr_lo.png"", ""phase"": ""TEST"", ""task_type"": ""stargan"", ""response"": ""right""}"
debugBN5RZB:debugA8L9L7,84,1548381437050,"{""rt"": 811, ""repeat"": 0, ""low_first"": 0, ""pair_ind"": 29, ""im1"": ""/static/images/gt_pairwise/attractive-high-6.png"", ""im2"": ""/static/images/gt_pairwise/attractive-low-6.png"", ""phase"": ""TEST"", ""task_type"": ""stargan"", ""response"": ""left""}"
debugBN5RZB:debugA8L9L7,85,1548381437725,"{""rt"": 674, ""repeat"": 0, ""low_first"": 0, ""pair_ind"": 62, ""im1"": ""/static/images/gt_pairwise/attractive-high-7.png"", ""im2"": ""/static/images/gt_pairwise/attractive-low-7.png"", ""phase"": ""TEST"", ""task_type"": ""stargan"", ""response"": ""left""}"
debugBN5RZB:debugA8L9L7,86,1548381440171,"{""rt"": 2446, ""repeat"": 0, ""low_first"": 1, ""pair_ind"": 25, ""im1"": ""/static/images/stargan_pairwise/stargan_26attr_hi.png"", ""im2"": ""/static/images/stargan_pairwise/stargan_26attr_lo.png"", ""phase"": ""TEST"", ""task_type"": ""stargan"", ""response"": ""right""}"
debugBN5RZB:debugA8L9L7,87,1548381441220,"{""rt"": 1048, ""repeat"": 0, ""low_first"": 0, ""pair_ind"": 55, ""im1"": ""/static/images/stargan_pairwise/stargan_36attr_lo.png"", ""im2"": ""/static/images/stargan_pairwise/stargan_36attr_hi.png"", ""phase"": ""TEST"", ""task_type"": ""stargan"", ""response"": ""right""}"
debugBN5RZB:debugA8L9L7,88,1548381442270,"{""rt"": 1050, ""repeat"": 0, ""low_first"": 1, ""pair_ind"": 59, ""im1"": ""/static/images/stargan_pairwise/stargan_60attr_hi.png"", ""im2"": ""/static/images/stargan_pairwise/stargan_60attr_lo.png"", ""phase"": ""TEST"", ""task_type"": ""stargan"", ""response"": ""right""}"
debugBN5RZB:debugA8L9L7,89,1548381443230,"{""rt"": 960, ""repeat"": 0, ""low_first"": 0, ""pair_ind"": 68, ""im1"": ""/static/images/stargan_pairwise/stargan_24attr_lo.png"", ""im2"": ""/static/images/stargan_pairwise/stargan_24attr_hi.png"", ""phase"": ""TEST"", ""task_type"": ""stargan"", ""response"": ""right""}"
debugBN5RZB:debugA8L9L7,90,1548381444100,"{""rt"": 869, ""repeat"": 0, ""low_first"": 1, ""pair_ind"": 23, ""im1"": ""/static/images/stargan_pairwise/stargan_24attr_hi.png"", ""im2"": ""/static/images/stargan_pairwise/stargan_24attr_lo.png"", ""phase"": ""TEST"", ""task_type"": ""stargan"", ""response"": ""right""}"
debugBN5RZB:debugA8L9L7,91,1548381445225,"{""rt"": 1125, ""repeat"": 0, ""low_first"": 0, ""pair_ind"": 16, ""im1"": ""/static/images/stargan_pairwise/stargan_15attr_lo.png"", ""im2"": ""/static/images/stargan_pairwise/stargan_15attr_hi.png"", ""phase"": ""TEST"", ""task_type"": ""stargan"", ""response"": ""right""}"
debugBN5RZB:debugA8L9L7,92,1548381446080,"{""rt"": 855, ""repeat"": 0, ""low_first"": 0, ""pair_ind"": 67, ""im1"": ""/static/images/stargan_pairwise/stargan_42attr_lo.png"", ""im2"": ""/static/images/stargan_pairwise/stargan_42attr_hi.png"", ""phase"": ""TEST"", ""task_type"": ""stargan"", ""response"": ""right""}"
debugBN5RZB:debugA8L9L7,93,1548381447116,"{""rt"": 1035, ""repeat"": 0, ""low_first"": 1, ""pair_ind"": 19, ""im1"": ""/static/images/stargan_pairwise/stargan_20attr_hi.png"", ""im2"": ""/static/images/stargan_pairwise/stargan_20attr_lo.png"", ""phase"": ""TEST"", ""task_type"": ""stargan"", ""response"": ""left""}"
debugBN5RZB:debugA8L9L7,94,1548381448675,"{""rt"": 1558, ""repeat"": 1, ""low_first"": 1, ""pair_ind"": 78, ""im1"": ""/static/images/stargan_pairwise/stargan_79attr_hi.png"", ""im2"": ""/static/images/stargan_pairwise/stargan_79attr_lo.png"", ""phase"": ""TEST"", ""task_type"": ""stargan"", ""response"": ""left""}"
debugBN5RZB:debugA8L9L7,95,1548381450820,"{""rt"": 2144, ""repeat"": 0, ""low_first"": 1, ""pair_ind"": 27, ""im1"": ""/static/images/stargan_pairwise/stargan_28attr_hi.png"", ""im2"": ""/static/images/stargan_pairwise/stargan_28attr_lo.png"", ""phase"": ""TEST"", ""task_type"": ""stargan"", ""response"": ""left""}"
debugBN5RZB:debugA8L9L7,96,1548381451870,"{""rt"": 1049, ""repeat"": 0, ""low_first"": 0, ""pair_ind"": 7, ""im1"": ""/static/images/stargan_pairwise/stargan_7attr_lo.png"", ""im2"": ""/static/images/stargan_pairwise/stargan_7attr_hi.png"", ""phase"": ""TEST"", ""task_type"": ""stargan"", ""response"": ""right""}"
debugBN5RZB:debugA8L9L7,97,1548381452769,"{""rt"": 899, ""repeat"": 0, ""low_first"": 1, ""pair_ind"": 61, ""im1"": ""/static/images/stargan_pairwise/stargan_62attr_hi.png"", ""im2"": ""/static/images/stargan_pairwise/stargan_62attr_lo.png"", ""phase"": ""TEST"", ""task_type"": ""stargan"", ""response"": ""left""}"
debugBN5RZB:debugA8L9L7,98,1548381453761,"{""rt"": 991, ""repeat"": 0, ""low_first"": 0, ""pair_ind"": 46, ""im1"": ""/static/images/stargan_pairwise/stargan_63attr_lo.png"", ""im2"": ""/static/images/stargan_pairwise/stargan_63attr_hi.png"", ""phase"": ""TEST"", ""task_type"": ""stargan"", ""response"": ""right""}"
debugBN5RZB:debugA8L9L7,99,1548381454839,"{""rt"": 1078, ""repeat"": 1, ""low_first"": 1, ""pair_ind"": 57, ""im1"": ""/static/images/stargan_pairwise/stargan_58attr_hi.png"", ""im2"": ""/static/images/stargan_pairwise/stargan_58attr_lo.png"", ""phase"": ""TEST"", ""task_type"": ""stargan"", ""response"": ""right""}"
debugBN5RZB:debugA8L9L7,100,1548381456505,"{""rt"": 1666, ""repeat"": 0, ""low_first"": 1, ""pair_ind"": 1, ""im1"": ""/static/images/stargan_pairwise/stargan_2attr_hi.png"", ""im2"": ""/static/images/stargan_pairwise/stargan_2attr_lo.png"", ""phase"": ""TEST"", ""task_type"": ""stargan"", ""response"": ""right""}"
debugBN5RZB:debugA8L9L7,101,1548381457600,"{""rt"": 1094, ""repeat"": 1, ""low_first"": 1, ""pair_ind"": 44, ""im1"": ""/static/images/stargan_pairwise/stargan_45attr_hi.png"", ""im2"": ""/static/images/stargan_pairwise/stargan_45attr_lo.png"", ""phase"": ""TEST"", ""task_type"": ""stargan"", ""response"": ""left""}"
debugBN5RZB:debugA8L9L7,102,1548381458485,"{""rt"": 885, ""repeat"": 0, ""low_first"": 0, ""pair_ind"": 5, ""im1"": ""/static/images/stargan_pairwise/stargan_13attr_lo.png"", ""im2"": ""/static/images/stargan_pairwise/stargan_13attr_hi.png"", ""phase"": ""TEST"", ""task_type"": ""stargan"", ""response"": ""right""}"
debugBN5RZB:debugA8L9L7,103,1548381459430,"{""rt"": 945, ""repeat"": 0, ""low_first"": 1, ""pair_ind"": 66, ""im1"": ""/static/images/stargan_pairwise/stargan_67attr_hi.png"", ""im2"": ""/static/images/stargan_pairwise/stargan_67attr_lo.png"", ""phase"": ""TEST"", ""task_type"": ""stargan"", ""response"": ""left""}"
debugBN5RZB:debugA8L9L7,104,1548381459432,"{""phase"": ""postquestionnaire"", ""status"": ""begin""}"
debugBN5RZB:debugA8L9L7,105,1548381461745,"{""phase"": ""postquestionnaire"", ""status"": ""submit""}"
debugBN5RZB:debugA8L9L7,106,1548381500181,"{""phase"": ""INSTRUCTIONS"", ""templates"": [""instructions/instruct-1.html"", ""instructions/instruct-2.html"", ""instructions/instruct-ready.html""], ""action"": ""Begin""}"
debugBN5RZB:debugA8L9L7,107,1548381501618,"{""phase"": ""INSTRUCTIONS"", ""indexOf"": 0, ""viewTime"": 1433, ""action"": ""NextPage"", ""template"": ""instructions/instruct-1.html""}"
debugBN5RZB:debugA8L9L7,108,1548381503223,"{""phase"": ""INSTRUCTIONS"", ""indexOf"": 1, ""viewTime"": 1602, ""action"": ""NextPage"", ""template"": ""instructions/instruct-2.html""}"
debugBN5RZB:debugA8L9L7,109,1548381504236,"{""phase"": ""INSTRUCTIONS"", ""indexOf"": 2, ""viewTime"": 1010, ""action"": ""FinishInstructions"", ""template"": ""instructions/instruct-ready.html""}"
debugBN5RZB:debugA8L9L7,110,1548381506562,"{""rt"": 2320, ""repeat"": ""modifae"", ""low_first"": 0, ""pair_ind"": 0, ""im1"": ""/static/images/modifae_pairwise/attractive/136231_0.75.png"", ""im2"": ""/static/images/modifae_pairwise/attractive/136231_-0.75.png"", ""phase"": ""TEST"", ""response"": ""right""}"
debugBN5RZB:debugA8L9L7,111,1548381507836,"{""rt"": 1274, ""repeat"": ""modifae"", ""low_first"": 0, ""pair_ind"": 0, ""im1"": ""/static/images/modifae_pairwise/attractive/136230_0.75.png"", ""im2"": ""/static/images/modifae_pairwise/attractive/136230_-0.75.png"", ""phase"": ""TEST"", ""response"": ""left""}"
debugBN5RZB:debugA8L9L7,112,1548381509080,"{""rt"": 1244, ""repeat"": ""modifae"", ""low_first"": 0, ""pair_ind"": 0, ""im1"": ""/static/images/modifae_pairwise/attractive/136237_0.75.png"", ""im2"": ""/static/images/modifae_pairwise/attractive/136237_-0.75.png"", ""phase"": ""TEST"", ""response"": ""left""}"
debugBN5RZB:debugA8L9L7,113,1548381510417,"{""rt"": 1337, ""repeat"": ""modifae"", ""low_first"": 0, ""pair_ind"": 0, ""im1"": ""/static/images/modifae_pairwise/attractive/136216_0.75.png"", ""im2"": ""/static/images/modifae_pairwise/attractive/136216_-0.75.png"", ""phase"": ""TEST"", ""response"": ""left""}"
debugBN5RZB:debugA8L9L7,114,1548381511465,"{""rt"": 1048, ""repeat"": ""modifae"", ""low_first"": 0, ""pair_ind"": 0, ""im1"": ""/static/images/modifae_pairwise/attractive/136270_0.75.png"", ""im2"": ""/static/images/modifae_pairwise/attractive/136270_-0.75.png"", ""phase"": ""TEST"", ""response"": ""left""}"
debugBN5RZB:debugA8L9L7,115,1548381512650,"{""rt"": 1185, ""repeat"": ""modifae"", ""low_first"": 1, ""pair_ind"": 0, ""im1"": ""/static/images/modifae_pairwise/attractive/136243_-0.75.png"", ""im2"": ""/static/images/modifae_pairwise/attractive/136243_0.75.png"", ""phase"": ""TEST"", ""response"": ""right""}"
debugBN5RZB:debugA8L9L7,116,1548381513865,"{""rt"": 1215, ""repeat"": ""modifae"", ""low_first"": 1, ""pair_ind"": 0, ""im1"": ""/static/images/modifae_pairwise/attractive/136259_-0.75.png"", ""im2"": ""/static/images/modifae_pairwise/attractive/136259_0.75.png"", ""phase"": ""TEST"", ""response"": ""right""}"
debugBN5RZB:debugA8L9L7,117,1548381515260,"{""rt"": 1394, ""repeat"": ""modifae"", ""low_first"": 0, ""pair_ind"": 0, ""im1"": ""/static/images/modifae_pairwise/attractive/136256_0.75.png"", ""im2"": ""/static/images/modifae_pairwise/attractive/136256_-0.75.png"", ""phase"": ""TEST"", ""response"": ""right""}"
debugBN5RZB:debugA8L9L7,118,1548381518396,"{""rt"": 3135, ""repeat"": ""modifae"", ""low_first"": 0, ""pair_ind"": 0, ""im1"": ""/static/images/modifae_pairwise/attractive/136264_0.75.png"", ""im2"": ""/static/images/modifae_pairwise/attractive/136264_-0.75.png"", ""phase"": ""TEST"", ""response"": ""right""}"
debugBN5RZB:debugA8L9L7,119,1548381519460,"{""rt"": 1063, ""repeat"": ""modifae"", ""low_first"": 1, ""pair_ind"": 0, ""im1"": ""/static/images/modifae_pairwise/attractive/136216_-0.75.png"", ""im2"": ""/static/images/modifae_pairwise/attractive/136216_0.75.png"", ""phase"": ""TEST"", ""response"": ""right""}"
debugBN5RZB:debugA8L9L7,120,1548381520931,"{""rt"": 1471, ""repeat"": ""gt"", ""low_first"": 0, ""pair_ind"": 0, ""im1"": ""/static/images/modifae_pairwise/attractive/136243_0.75.png"", ""im2"": ""/static/images/modifae_pairwise/attractive/136243_-0.75.png"", ""phase"": ""TEST"", ""response"": ""right""}"
debugBN5RZB:debugA8L9L7,121,1548381521920,"{""rt"": 988, ""repeat"": ""modifae"", ""low_first"": 0, ""pair_ind"": 0, ""im1"": ""/static/images/modifae_pairwise/attractive/136266_0.75.png"", ""im2"": ""/static/images/modifae_pairwise/attractive/136266_-0.75.png"", ""phase"": ""TEST"", ""response"": ""left""}"
debugBN5RZB:debugA8L9L7,122,1548381523196,"{""rt"": 1276, ""repeat"": ""modifae"", ""low_first"": 0, ""pair_ind"": 0, ""im1"": ""/static/images/modifae_pairwise/attractive/136252_0.75.png"", ""im2"": ""/static/images/modifae_pairwise/attractive/136252_-0.75.png"", ""phase"": ""TEST"", ""response"": ""left""}"
debugBN5RZB:debugA8L9L7,123,1548381524635,"{""rt"": 1439, ""repeat"": ""modifae"", ""low_first"": 0, ""pair_ind"": 0, ""im1"": ""/static/images/modifae_pairwise/attractive/136225_0.75.png"", ""im2"": ""/static/images/modifae_pairwise/attractive/136225_-0.75.png"", ""phase"": ""TEST"", ""response"": ""left""}"
debugBN5RZB:debugA8L9L7,124,1548381526286,"{""rt"": 1650, ""repeat"": ""modifae"", ""low_first"": 1, ""pair_ind"": 0, ""im1"": ""/static/images/modifae_pairwise/attractive/136214_-0.75.png"", ""im2"": ""/static/images/modifae_pairwise/attractive/136214_0.75.png"", ""phase"": ""TEST"", ""response"": ""right""}"
debugBN5RZB:debugA8L9L7,125,1548381527920,"{""rt"": 1634, ""repeat"": ""modifae"", ""low_first"": 1, ""pair_ind"": 0, ""im1"": ""/static/images/modifae_pairwise/attractive/136189_-0.75.png"", ""im2"": ""/static/images/modifae_pairwise/attractive/136189_0.75.png"", ""phase"": ""TEST"", ""response"": ""right""}"
debugBN5RZB:debugA8L9L7,126,1548381528759,"{""rt"": 838, ""repeat"": ""gt"", ""low_first"": 1, ""pair_ind"": 0, ""im1"": ""/static/images/gt_pairwise/attractive-low-7.png"", ""im2"": ""/static/images/gt_pairwise/attractive-high-7.png"", ""phase"": ""TEST"", ""response"": ""right""}"
debugBN5RZB:debugA8L9L7,127,1548381529676,"{""rt"": 916, ""repeat"": ""modifae"", ""low_first"": 1, ""pair_ind"": 1, ""im1"": ""/static/images/modifae_pairwise/attractive/136189_-0.75.png"", ""im2"": ""/static/images/modifae_pairwise/attractive/136189_0.75.png"", ""phase"": ""TEST"", ""response"": ""right""}"
debugBN5RZB:debugA8L9L7,128,1548381530800,"{""rt"": 1124, ""repeat"": ""modifae"", ""low_first"": 1, ""pair_ind"": 0, ""im1"": ""/static/images/modifae_pairwise/attractive/136242_-0.75.png"", ""im2"": ""/static/images/modifae_pairwise/attractive/136242_0.75.png"", ""phase"": ""TEST"", ""response"": ""right""}"
debugBN5RZB:debugA8L9L7,129,1548381532586,"{""rt"": 1785, ""repeat"": ""modifae"", ""low_first"": 0, ""pair_ind"": 0, ""im1"": ""/static/images/modifae_pairwise/attractive/136257_0.75.png"", ""im2"": ""/static/images/modifae_pairwise/attractive/136257_-0.75.png"", ""phase"": ""TEST"", ""response"": ""left""}"
debugBN5RZB:debugA8L9L7,130,1548381534116,"{""rt"": 1529, ""repeat"": ""modifae"", ""low_first"": 1, ""pair_ind"": 0, ""im1"": ""/static/images/modifae_pairwise/attractive/136217_-0.75.png"", ""im2"": ""/static/images/modifae_pairwise/attractive/136217_0.75.png"", ""phase"": ""TEST"", ""response"": ""left""}"
debugBN5RZB:debugA8L9L7,131,1548381535376,"{""rt"": 1260, ""repeat"": ""modifae"", ""low_first"": 1, ""pair_ind"": 1, ""im1"": ""/static/images/modifae_pairwise/attractive/136232_-0.75.png"", ""im2"": ""/static/images/modifae_pairwise/attractive/136232_0.75.png"", ""phase"": ""TEST"", ""response"": ""right""}"
debugBN5RZB:debugA8L9L7,132,1548381536320,"{""rt"": 944, ""repeat"": ""modifae"", ""low_first"": 0, ""pair_ind"": 0, ""im1"": ""/static/images/modifae_pairwise/attractive/136189_0.75.png"", ""im2"": ""/static/images/modifae_pairwise/attractive/136189_-0.75.png"", ""phase"": ""TEST"", ""response"": ""right""}"
debugBN5RZB:debugA8L9L7,133,1548381537401,"{""rt"": 1081, ""repeat"": ""modifae"", ""low_first"": 0, ""pair_ind"": 0, ""im1"": ""/static/images/modifae_pairwise/attractive/136268_0.75.png"", ""im2"": ""/static/images/modifae_pairwise/attractive/136268_-0.75.png"", ""phase"": ""TEST"", ""response"": ""right""}"
debugBN5RZB:debugA8L9L7,134,1548381539036,"{""rt"": 1635, ""repeat"": ""modifae"", ""low_first"": 1, ""pair_ind"": 0, ""im1"": ""/static/images/modifae_pairwise/attractive/136202_-0.75.png"", ""im2"": ""/static/images/modifae_pairwise/attractive/136202_0.75.png"", ""phase"": ""TEST"", ""response"": ""right""}"
debugBN5RZB:debugA8L9L7,135,1548381542696,"{""rt"": 3659, ""repeat"": ""modifae"", ""low_first"": 0, ""pair_ind"": 0, ""im1"": ""/static/images/modifae_pairwise/attractive/136267_0.75.png"", ""im2"": ""/static/images/modifae_pairwise/attractive/136267_-0.75.png"", ""phase"": ""TEST"", ""response"": ""right""}"
debugBN5RZB:debugA8L9L7,136,1548381544751,"{""rt"": 2054, ""repeat"": ""modifae"", ""low_first"": 0, ""pair_ind"": 1, ""im1"": ""/static/images/modifae_pairwise/attractive/136209_0.75.png"", ""im2"": ""/static/images/modifae_pairwise/attractive/136209_-0.75.png"", ""phase"": ""TEST"", ""response"": ""left""}"
debugBN5RZB:debugA8L9L7,137,1548381545755,"{""rt"": 1004, ""repeat"": ""modifae"", ""low_first"": 1, ""pair_ind"": 0, ""im1"": ""/static/images/modifae_pairwise/attractive/136181_-0.75.png"", ""im2"": ""/static/images/modifae_pairwise/attractive/136181_0.75.png"", ""phase"": ""TEST"", ""response"": ""right""}"
debugBN5RZB:debugA8L9L7,138,1548381546806,"{""rt"": 1050, ""repeat"": ""gt"", ""low_first"": 0, ""pair_ind"": 0, ""im1"": ""/static/images/modifae_pairwise/attractive/136252_0.75.png"", ""im2"": ""/static/images/modifae_pairwise/attractive/136252_-0.75.png"", ""phase"": ""TEST"", ""response"": ""right""}"
debugBN5RZB:debugA8L9L7,139,1548381547795,"{""rt"": 989, ""repeat"": ""modifae"", ""low_first"": 1, ""pair_ind"": 0, ""im1"": ""/static/images/modifae_pairwise/attractive/136203_-0.75.png"", ""im2"": ""/static/images/modifae_pairwise/attractive/136203_0.75.png"", ""phase"": ""TEST"", ""response"": ""right""}"
debugBN5RZB:debugA8L9L7,140,1548381548996,"{""rt"": 1200, ""repeat"": ""modifae"", ""low_first"": 1, ""pair_ind"": 0, ""im1"": ""/static/images/modifae_pairwise/attractive/136262_-0.75.png"", ""im2"": ""/static/images/modifae_pairwise/attractive/136262_0.75.png"", ""phase"": ""TEST"", ""response"": ""right""}"
debugBN5RZB:debugA8L9L7,141,1548381549910,"{""rt"": 914, ""repeat"": ""modifae"", ""low_first"": 1, ""pair_ind"": 0, ""im1"": ""/static/images/modifae_pairwise/attractive/136267_-0.75.png"", ""im2"": ""/static/images/modifae_pairwise/attractive/136267_0.75.png"", ""phase"": ""TEST"", ""response"": ""right""}"
debugBN5RZB:debugA8L9L7,142,1548381550916,"{""rt"": 1005, ""repeat"": ""modifae"", ""low_first"": 1, ""pair_ind"": 0, ""im1"": ""/static/images/modifae_pairwise/attractive/136269_-0.75.png"", ""im2"": ""/static/images/modifae_pairwise/attractive/136269_0.75.png"", ""phase"": ""TEST"", ""response"": ""right""}"
debugBN5RZB:debugA8L9L7,143,1548381551950,"{""rt"": 1034, ""repeat"": ""gt"", ""low_first"": 0, ""pair_ind"": 0, ""im1"": ""/static/images/modifae_pairwise/attractive/136271_0.75.png"", ""im2"": ""/static/images/modifae_pairwise/attractive/136271_-0.75.png"", ""phase"": ""TEST"", ""response"": ""left""}"
debugBN5RZB:debugA8L9L7,144,1548381553361,"{""rt"": 1411, ""repeat"": ""gt"", ""low_first"": 0, ""pair_ind"": 0, ""im1"": ""/static/images/modifae_pairwise/attractive/136235_0.75.png"", ""im2"": ""/static/images/modifae_pairwise/attractive/136235_-0.75.png"", ""phase"": ""TEST"", ""response"": ""right""}"
debugBN5RZB:debugA8L9L7,145,1548381554876,"{""rt"": 1515, ""repeat"": ""modifae"", ""low_first"": 0, ""pair_ind"": 1, ""im1"": ""/static/images/modifae_pairwise/attractive/136201_0.75.png"", ""im2"": ""/static/images/modifae_pairwise/attractive/136201_-0.75.png"", ""phase"": ""TEST"", ""response"": ""left""}"
debugBN5RZB:debugA8L9L7,146,1548381555745,"{""rt"": 869, ""repeat"": ""modifae"", ""low_first"": 0, ""pair_ind"": 0, ""im1"": ""/static/images/modifae_pairwise/attractive/136214_0.75.png"", ""im2"": ""/static/images/modifae_pairwise/attractive/136214_-0.75.png"", ""phase"": ""TEST"", ""response"": ""right""}"
debugBN5RZB:debugA8L9L7,147,1548381556811,"{""rt"": 1066, ""repeat"": ""modifae"", ""low_first"": 1, ""pair_ind"": 0, ""im1"": ""/static/images/modifae_pairwise/attractive/136244_-0.75.png"", ""im2"": ""/static/images/modifae_pairwise/attractive/136244_0.75.png"", ""phase"": ""TEST"", ""response"": ""right""}"
debugBN5RZB:debugA8L9L7,148,1548381558701,"{""rt"": 1890, ""repeat"": ""modifae"", ""low_first"": 0, ""pair_ind"": 0, ""im1"": ""/static/images/modifae_pairwise/attractive/136186_0.75.png"", ""im2"": ""/static/images/modifae_pairwise/attractive/136186_-0.75.png"", ""phase"": ""TEST"", ""response"": ""left""}"
debugBN5RZB:debugA8L9L7,149,1548381559931,"{""rt"": 1229, ""repeat"": ""modifae"", ""low_first"": 0, ""pair_ind"": 0, ""im1"": ""/static/images/modifae_pairwise/attractive/136222_0.75.png"", ""im2"": ""/static/images/modifae_pairwise/attractive/136222_-0.75.png"", ""phase"": ""TEST"", ""response"": ""left""}"
debugBN5RZB:debugA8L9L7,150,1548381560890,"{""rt"": 959, ""repeat"": ""modifae"", ""low_first"": 1, ""pair_ind"": 0, ""im1"": ""/static/images/modifae_pairwise/attractive/136266_-0.75.png"", ""im2"": ""/static/images/modifae_pairwise/attractive/136266_0.75.png"", ""phase"": ""TEST"", ""response"": ""right""}"
debugBN5RZB:debugA8L9L7,151,1548381562690,"{""rt"": 1800, ""repeat"": ""modifae"", ""low_first"": 0, ""pair_ind"": 0, ""im1"": ""/static/images/modifae_pairwise/attractive/136217_0.75.png"", ""im2"": ""/static/images/modifae_pairwise/attractive/136217_-0.75.png"", ""phase"": ""TEST"", ""response"": ""right""}"
debugBN5RZB:debugA8L9L7,152,1548381565121,"{""rt"": 2430, ""repeat"": ""modifae"", ""low_first"": 0, ""pair_ind"": 0, ""im1"": ""/static/images/modifae_pairwise/attractive/136208_0.75.png"", ""im2"": ""/static/images/modifae_pairwise/attractive/136208_-0.75.png"", ""phase"": ""TEST"", ""response"": ""right""}"
debugBN5RZB:debugA8L9L7,153,1548381567162,"{""rt"": 2041, ""repeat"": ""modifae"", ""low_first"": 0, ""pair_ind"": 0, ""im1"": ""/static/images/modifae_pairwise/attractive/136216_0.75.png"", ""im2"": ""/static/images/modifae_pairwise/attractive/136216_-0.75.png"", ""phase"": ""TEST"", ""response"": ""right""}"
debugBN5RZB:debugA8L9L7,154,1548381568466,"{""rt"": 1304, ""repeat"": ""gt"", ""low_first"": 0, ""pair_ind"": 0, ""im1"": ""/static/images/modifae_pairwise/attractive/136263_0.75.png"", ""im2"": ""/static/images/modifae_pairwise/attractive/136263_-0.75.png"", ""phase"": ""TEST"", ""response"": ""right""}"
debugBN5RZB:debugA8L9L7,155,1548381570027,"{""rt"": 1560, ""repeat"": ""gt"", ""low_first"": 0, ""pair_ind"": 0, ""im1"": ""/static/images/modifae_pairwise/attractive/136226_0.75.png"", ""im2"": ""/static/images/modifae_pairwise/attractive/136226_-0.75.png"", ""phase"": ""TEST"", ""response"": ""right""}"
debugBN5RZB:debugA8L9L7,156,1548381570986,"{""rt"": 959, ""repeat"": ""modifae"", ""low_first"": 1, ""pair_ind"": 1, ""im1"": ""/static/images/modifae_pairwise/attractive/136252_-0.75.png"", ""im2"": ""/static/images/modifae_pairwise/attractive/136252_0.75.png"", ""phase"": ""TEST"", ""response"": ""right""}"
debugBN5RZB:debugA8L9L7,157,1548381571992,"{""rt"": 1006, ""repeat"": ""modifae"", ""low_first"": 0, ""pair_ind"": 0, ""im1"": ""/static/images/modifae_pairwise/attractive/136262_0.75.png"", ""im2"": ""/static/images/modifae_pairwise/attractive/136262_-0.75.png"", ""phase"": ""TEST"", ""response"": ""right""}"
debugBN5RZB:debugA8L9L7,158,1548381573116,"{""rt"": 1124, ""repeat"": ""modifae"", ""low_first"": 1, ""pair_ind"": 0, ""im1"": ""/static/images/modifae_pairwise/attractive/136248_-0.75.png"", ""im2"": ""/static/images/modifae_pairwise/attractive/136248_0.75.png"", ""phase"": ""TEST"", ""response"": ""right""}"
debugBN5RZB:debugA8L9L7,159,1548381574046,"{""rt"": 930, ""repeat"": ""modifae"", ""low_first"": 1, ""pair_ind"": 0, ""im1"": ""/static/images/modifae_pairwise/attractive/136270_-0.75.png"", ""im2"": ""/static/images/modifae_pairwise/attractive/136270_0.75.png"", ""phase"": ""TEST"", ""response"": ""right""}"
debugBN5RZB:debugA8L9L7,160,1548381575576,"{""rt"": 1530, ""repeat"": ""modifae"", ""low_first"": 0, ""pair_ind"": 0, ""im1"": ""/static/images/modifae_pairwise/attractive/136269_0.75.png"", ""im2"": ""/static/images/modifae_pairwise/attractive/136269_-0.75.png"", ""phase"": ""TEST"", ""response"": ""left""}"
debugBN5RZB:debugA8L9L7,161,1548381576446,"{""rt"": 869, ""repeat"": ""modifae"", ""low_first"": 1, ""pair_ind"": 0, ""im1"": ""/static/images/modifae_pairwise/attractive/136208_-0.75.png"", ""im2"": ""/static/images/modifae_pairwise/attractive/136208_0.75.png"", ""phase"": ""TEST"", ""response"": ""right""}"
debugBN5RZB:debugA8L9L7,162,1548381577345,"{""rt"": 898, ""repeat"": ""modifae"", ""low_first"": 1, ""pair_ind"": 0, ""im1"": ""/static/images/modifae_pairwise/attractive/136251_-0.75.png"", ""im2"": ""/static/images/modifae_pairwise/attractive/136251_0.75.png"", ""phase"": ""TEST"", ""response"": ""right""}"
debugBN5RZB:debugA8L9L7,163,1548381578727,"{""rt"": 1381, ""repeat"": ""modifae"", ""low_first"": 1, ""pair_ind"": 0, ""im1"": ""/static/images/modifae_pairwise/attractive/136215_-0.75.png"", ""im2"": ""/static/images/modifae_pairwise/attractive/136215_0.75.png"", ""phase"": ""TEST"", ""response"": ""right""}"
debugBN5RZB:debugA8L9L7,164,1548381580301,"{""rt"": 1574, ""repeat"": ""modifae"", ""low_first"": 0, ""pair_ind"": 0, ""im1"": ""/static/images/modifae_pairwise/attractive/136253_0.75.png"", ""im2"": ""/static/images/modifae_pairwise/attractive/136253_-0.75.png"", ""phase"": ""TEST"", ""response"": ""right""}"
debugBN5RZB:debugA8L9L7,165,1548381581111,"{""rt"": 810, ""repeat"": ""modifae"", ""low_first"": 0, ""pair_ind"": 0, ""im1"": ""/static/images/gt_pairwise/attractive-high-6.png"", ""im2"": ""/static/images/gt_pairwise/attractive-low-6.png"", ""phase"": ""TEST"", ""response"": ""left""}"
debugBN5RZB:debugA8L9L7,166,1548381583647,"{""rt"": 2536, ""repeat"": ""modifae"", ""low_first"": 0, ""pair_ind"": 0, ""im1"": ""/static/images/modifae_pairwise/attractive/136245_0.75.png"", ""im2"": ""/static/images/modifae_pairwise/attractive/136245_-0.75.png"", ""phase"": ""TEST"", ""response"": ""left""}"
debugBN5RZB:debugA8L9L7,167,1548381584350,"{""rt"": 703, ""repeat"": ""modifae"", ""low_first"": 0, ""pair_ind"": 0, ""im1"": ""/static/images/gt_pairwise/attractive-high-3.png"", ""im2"": ""/static/images/gt_pairwise/attractive-low-3.png"", ""phase"": ""TEST"", ""response"": ""left""}"
debugBN5RZB:debugA8L9L7,168,1548381586662,"{""rt"": 2312, ""repeat"": ""modifae"", ""low_first"": 1, ""pair_ind"": 0, ""im1"": ""/static/images/modifae_pairwise/attractive/136200_-0.75.png"", ""im2"": ""/static/images/modifae_pairwise/attractive/136200_0.75.png"", ""phase"": ""TEST"", ""response"": ""right""}"
debugBN5RZB:debugA8L9L7,169,1548381588566,"{""rt"": 1904, ""repeat"": ""gt"", ""low_first"": 0, ""pair_ind"": 0, ""im1"": ""/static/images/modifae_pairwise/attractive/136234_0.75.png"", ""im2"": ""/static/images/modifae_pairwise/attractive/136234_-0.75.png"", ""phase"": ""TEST"", ""response"": ""right""}"
debugBN5RZB:debugA8L9L7,170,1548381590876,"{""rt"": 2310, ""repeat"": ""modifae"", ""low_first"": 1, ""pair_ind"": 0, ""im1"": ""/static/images/modifae_pairwise/attractive/136223_-0.75.png"", ""im2"": ""/static/images/modifae_pairwise/attractive/136223_0.75.png"", ""phase"": ""TEST"", ""response"": ""left""}"
debugBN5RZB:debugA8L9L7,171,1548381591595,"{""rt"": 718, ""repeat"": ""gt"", ""low_first"": 1, ""pair_ind"": 0, ""im1"": ""/static/images/gt_pairwise/attractive-low-6.png"", ""im2"": ""/static/images/gt_pairwise/attractive-high-6.png"", ""phase"": ""TEST"", ""response"": ""right""}"
debugBN5RZB:debugA8L9L7,172,1548381592571,"{""rt"": 975, ""repeat"": ""modifae"", ""low_first"": 1, ""pair_ind"": 0, ""im1"": ""/static/images/modifae_pairwise/attractive/136257_-0.75.png"", ""im2"": ""/static/images/modifae_pairwise/attractive/136257_0.75.png"", ""phase"": ""TEST"", ""response"": ""right""}"
debugBN5RZB:debugA8L9L7,173,1548381594072,"{""rt"": 1499, ""repeat"": ""modifae"", ""low_first"": 0, ""pair_ind"": 0, ""im1"": ""/static/images/modifae_pairwise/attractive/136225_0.75.png"", ""im2"": ""/static/images/modifae_pairwise/attractive/136225_-0.75.png"", ""phase"": ""TEST"", ""response"": ""left""}"
debugBN5RZB:debugA8L9L7,174,1548381597057,"{""rt"": 2985, ""repeat"": ""modifae"", ""low_first"": 0, ""pair_ind"": 0, ""im1"": ""/static/images/modifae_pairwise/attractive/136254_0.75.png"", ""im2"": ""/static/images/modifae_pairwise/attractive/136254_-0.75.png"", ""phase"": ""TEST"", ""response"": ""right""}"
debugBN5RZB:debugA8L9L7,175,1548381598362,"{""rt"": 1305, ""repeat"": ""modifae"", ""low_first"": 0, ""pair_ind"": 1, ""im1"": ""/static/images/modifae_pairwise/attractive/136229_0.75.png"", ""im2"": ""/static/images/modifae_pairwise/attractive/136229_-0.75.png"", ""phase"": ""TEST"", ""response"": ""left""}"
debugBN5RZB:debugA8L9L7,176,1548381599230,"{""rt"": 868, ""repeat"": ""modifae"", ""low_first"": 1, ""pair_ind"": 0, ""im1"": ""/static/images/modifae_pairwise/attractive/136204_-0.75.png"", ""im2"": ""/static/images/modifae_pairwise/attractive/136204_0.75.png"", ""phase"": ""TEST"", ""response"": ""right""}"
debugBN5RZB:debugA8L9L7,177,1548381600626,"{""rt"": 1395, ""repeat"": ""modifae"", ""low_first"": 0, ""pair_ind"": 0, ""im1"": ""/static/images/modifae_pairwise/attractive/136206_0.75.png"", ""im2"": ""/static/images/modifae_pairwise/attractive/136206_-0.75.png"", ""phase"": ""TEST"", ""response"": ""left""}"
debugBN5RZB:debugA8L9L7,178,1548381601541,"{""rt"": 915, ""repeat"": ""modifae"", ""low_first"": 1, ""pair_ind"": 0, ""im1"": ""/static/images/modifae_pairwise/attractive/136180_-0.75.png"", ""im2"": ""/static/images/modifae_pairwise/attractive/136180_0.75.png"", ""phase"": ""TEST"", ""response"": ""right""}"
debugBN5RZB:debugA8L9L7,179,1548381602381,"{""rt"": 839, ""repeat"": ""modifae"", ""low_first"": 0, ""pair_ind"": 1, ""im1"": ""/static/images/modifae_pairwise/attractive/136236_0.75.png"", ""im2"": ""/static/images/modifae_pairwise/attractive/136236_-0.75.png"", ""phase"": ""TEST"", ""response"": ""right""}"
debugBN5RZB:debugA8L9L7,180,1548381603447,"{""rt"": 1066, ""repeat"": ""modifae"", ""low_first"": 0, ""pair_ind"": 0, ""im1"": ""/static/images/modifae_pairwise/attractive/136182_0.75.png"", ""im2"": ""/static/images/modifae_pairwise/attractive/136182_-0.75.png"", ""phase"": ""TEST"", ""response"": ""right""}"
debugBN5RZB:debugA8L9L7,181,1548381604541,"{""rt"": 1093, ""repeat"": ""modifae"", ""low_first"": 0, ""pair_ind"": 0, ""im1"": ""/static/images/modifae_pairwise/attractive/136248_0.75.png"", ""im2"": ""/static/images/modifae_pairwise/attractive/136248_-0.75.png"", ""phase"": ""TEST"", ""response"": ""left""}"
debugBN5RZB:debugA8L9L7,182,1548381606732,"{""rt"": 2191, ""repeat"": ""modifae"", ""low_first"": 1, ""pair_ind"": 0, ""im1"": ""/static/images/modifae_pairwise/attractive/136241_-0.75.png"", ""im2"": ""/static/images/modifae_pairwise/attractive/136241_0.75.png"", ""phase"": ""TEST"", ""response"": ""right""}"
debugBN5RZB:debugA8L9L7,183,1548381608067,"{""rt"": 1335, ""repeat"": ""modifae"", ""low_first"": 0, ""pair_ind"": 0, ""im1"": ""/static/images/modifae_pairwise/attractive/136258_0.75.png"", ""im2"": ""/static/images/modifae_pairwise/attractive/136258_-0.75.png"", ""phase"": ""TEST"", ""response"": ""left""}"
debugBN5RZB:debugA8L9L7,184,1548381609056,"{""rt"": 989, ""repeat"": ""modifae"", ""low_first"": 1, ""pair_ind"": 0, ""im1"": ""/static/images/modifae_pairwise/attractive/136228_-0.75.png"", ""im2"": ""/static/images/modifae_pairwise/attractive/136228_0.75.png"", ""phase"": ""TEST"", ""response"": ""right""}"
debugBN5RZB:debugA8L9L7,185,1548381610346,"{""rt"": 1290, ""repeat"": ""modifae"", ""low_first"": 0, ""pair_ind"": 0, ""im1"": ""/static/images/modifae_pairwise/attractive/136241_0.75.png"", ""im2"": ""/static/images/modifae_pairwise/attractive/136241_-0.75.png"", ""phase"": ""TEST"", ""response"": ""left""}"
debugBN5RZB:debugA8L9L7,186,1548381611486,"{""rt"": 1139, ""repeat"": ""modifae"", ""low_first"": 0, ""pair_ind"": 1, ""im1"": ""/static/images/modifae_pairwise/attractive/136188_0.75.png"", ""im2"": ""/static/images/modifae_pairwise/attractive/136188_-0.75.png"", ""phase"": ""TEST"", ""response"": ""left""}"
debugBN5RZB:debugA8L9L7,187,1548381612476,"{""rt"": 989, ""repeat"": ""modifae"", ""low_first"": 1, ""pair_ind"": 0, ""im1"": ""/static/images/modifae_pairwise/attractive/136221_-0.75.png"", ""im2"": ""/static/images/modifae_pairwise/attractive/136221_0.75.png"", ""phase"": ""TEST"", ""response"": ""right""}"
debugBN5RZB:debugA8L9L7,188,1548381613646,"{""rt"": 1170, ""repeat"": ""modifae"", ""low_first"": 1, ""pair_ind"": 0, ""im1"": ""/static/images/modifae_pairwise/attractive/136254_-0.75.png"", ""im2"": ""/static/images/modifae_pairwise/attractive/136254_0.75.png"", ""phase"": ""TEST"", ""response"": ""right""}"
debugBN5RZB:debugA8L9L7,189,1548381614364,"{""rt"": 718, ""repeat"": ""modifae"", ""low_first"": 0, ""pair_ind"": 0, ""im1"": ""/static/images/gt_pairwise/attractive-high-5.png"", ""im2"": ""/static/images/gt_pairwise/attractive-low-5.png"", ""phase"": ""TEST"", ""response"": ""left""}"
debugBN5RZB:debugA8L9L7,190,1548381618147,"{""rt"": 3782, ""repeat"": ""modifae"", ""low_first"": 1, ""pair_ind"": 0, ""im1"": ""/static/images/modifae_pairwise/attractive/136260_-0.75.png"", ""im2"": ""/static/images/modifae_pairwise/attractive/136260_0.75.png"", ""phase"": ""TEST"", ""response"": ""left""}"
debugBN5RZB:debugA8L9L7,191,1548381619782,"{""rt"": 1635, ""repeat"": ""modifae"", ""low_first"": 1, ""pair_ind"": 0, ""im1"": ""/static/images/modifae_pairwise/attractive/136183_-0.75.png"", ""im2"": ""/static/images/modifae_pairwise/attractive/136183_0.75.png"", ""phase"": ""TEST"", ""response"": ""right""}"
debugBN5RZB:debugA8L9L7,192,1548381620860,"{""rt"": 1078, ""repeat"": ""modifae"", ""low_first"": 1, ""pair_ind"": 1, ""im1"": ""/static/images/modifae_pairwise/attractive/136269_-0.75.png"", ""im2"": ""/static/images/modifae_pairwise/attractive/136269_0.75.png"", ""phase"": ""TEST"", ""response"": ""right""}"
debugBN5RZB:debugA8L9L7,193,1548381621849,"{""rt"": 988, ""repeat"": ""modifae"", ""low_first"": 1, ""pair_ind"": 0, ""im1"": ""/static/images/modifae_pairwise/attractive/136224_-0.75.png"", ""im2"": ""/static/images/modifae_pairwise/attractive/136224_0.75.png"", ""phase"": ""TEST"", ""response"": ""right""}"
debugBN5RZB:debugA8L9L7,194,1548381623139,"{""rt"": 1290, ""repeat"": ""modifae"", ""low_first"": 1, ""pair_ind"": 0, ""im1"": ""/static/images/modifae_pairwise/attractive/136182_-0.75.png"", ""im2"": ""/static/images/modifae_pairwise/attractive/136182_0.75.png"", ""phase"": ""TEST"", ""response"": ""right""}"
debugBN5RZB:debugA8L9L7,195,1548381624398,"{""rt"": 1258, ""repeat"": ""modifae"", ""low_first"": 1, ""pair_ind"": 0, ""im1"": ""/static/images/modifae_pairwise/attractive/136206_-0.75.png"", ""im2"": ""/static/images/modifae_pairwise/attractive/136206_0.75.png"", ""phase"": ""TEST"", ""response"": ""left""}"
debugBN5RZB:debugA8L9L7,196,1548381626077,"{""rt"": 1678, ""repeat"": ""modifae"", ""low_first"": 1, ""pair_ind"": 0, ""im1"": ""/static/images/modifae_pairwise/attractive/136210_-0.75.png"", ""im2"": ""/static/images/modifae_pairwise/attractive/136210_0.75.png"", ""phase"": ""TEST"", ""response"": ""right""}"
debugBN5RZB:debugA8L9L7,197,1548381627127,"{""rt"": 1049, ""repeat"": ""modifae"", ""low_first"": 1, ""pair_ind"": 0, ""im1"": ""/static/images/modifae_pairwise/attractive/136256_-0.75.png"", ""im2"": ""/static/images/modifae_pairwise/attractive/136256_0.75.png"", ""phase"": ""TEST"", ""response"": ""right""}"
debugBN5RZB:debugA8L9L7,198,1548381628296,"{""rt"": 1169, ""repeat"": ""modifae"", ""low_first"": 1, ""pair_ind"": 0, ""im1"": ""/static/images/modifae_pairwise/attractive/136240_-0.75.png"", ""im2"": ""/static/images/modifae_pairwise/attractive/136240_0.75.png"", ""phase"": ""TEST"", ""response"": ""right""}"
debugBN5RZB:debugA8L9L7,199,1548381629285,"{""rt"": 988, ""repeat"": ""modifae"", ""low_first"": 0, ""pair_ind"": 1, ""im1"": ""/static/images/modifae_pairwise/attractive/136227_0.75.png"", ""im2"": ""/static/images/modifae_pairwise/attractive/136227_-0.75.png"", ""phase"": ""TEST"", ""response"": ""left""}"
debugBN5RZB:debugA8L9L7,200,1548381630530,"{""rt"": 1245, ""repeat"": ""modifae"", ""low_first"": 0, ""pair_ind"": 0, ""im1"": ""/static/images/modifae_pairwise/attractive/136261_0.75.png"", ""im2"": ""/static/images/modifae_pairwise/attractive/136261_-0.75.png"", ""phase"": ""TEST"", ""response"": ""left""}"
debugBN5RZB:debugA8L9L7,201,1548381631565,"{""rt"": 1034, ""repeat"": ""modifae"", ""low_first"": 1, ""pair_ind"": 0, ""im1"": ""/static/images/modifae_pairwise/attractive/136247_-0.75.png"", ""im2"": ""/static/images/modifae_pairwise/attractive/136247_0.75.png"", ""phase"": ""TEST"", ""response"": ""right""}"
debugBN5RZB:debugA8L9L7,202,1548381632389,"{""rt"": 823, ""repeat"": ""modifae"", ""low_first"": 1, ""pair_ind"": 0, ""im1"": ""/static/images/modifae_pairwise/attractive/136271_-0.75.png"", ""im2"": ""/static/images/modifae_pairwise/attractive/136271_0.75.png"", ""phase"": ""TEST"", ""response"": ""right""}"
debugBN5RZB:debugA8L9L7,203,1548381633634,"{""rt"": 1244, ""repeat"": ""modifae"", ""low_first"": 0, ""pair_ind"": 0, ""im1"": ""/static/images/modifae_pairwise/attractive/136203_0.75.png"", ""im2"": ""/static/images/modifae_pairwise/attractive/136203_-0.75.png"", ""phase"": ""TEST"", ""response"": ""left""}"
debugBN5RZB:debugA8L9L7,204,1548381635464,"{""rt"": 1829, ""repeat"": ""modifae"", ""low_first"": 0, ""pair_ind"": 0, ""im1"": ""/static/images/modifae_pairwise/attractive/136205_0.75.png"", ""im2"": ""/static/images/modifae_pairwise/attractive/136205_-0.75.png"", ""phase"": ""TEST"", ""response"": ""left""}"
debugBN5RZB:debugA8L9L7,205,1548381636468,"{""rt"": 1004, ""repeat"": ""modifae"", ""low_first"": 0, ""pair_ind"": 0, ""im1"": ""/static/images/modifae_pairwise/attractive/136184_0.75.png"", ""im2"": ""/static/images/modifae_pairwise/attractive/136184_-0.75.png"", ""phase"": ""TEST"", ""response"": ""right""}"
debugBN5RZB:debugA8L9L7,206,1548381637083,"{""rt"": 614, ""repeat"": ""modifae"", ""low_first"": 0, ""pair_ind"": 0, ""im1"": ""/static/images/gt_pairwise/attractive-high-7.png"", ""im2"": ""/static/images/gt_pairwise/attractive-low-7.png"", ""phase"": ""TEST"", ""response"": ""left""}"
debugBN5RZB:debugA8L9L7,207,1548381637939,"{""rt"": 856, ""repeat"": ""gt"", ""low_first"": 1, ""pair_ind"": 0, ""im1"": ""/static/images/gt_pairwise/attractive-low-2.png"", ""im2"": ""/static/images/gt_pairwise/attractive-high-2.png"", ""phase"": ""TEST"", ""response"": ""right""}"
debugBN5RZB:debugA8L9L7,208,1548381638853,"{""rt"": 914, ""repeat"": ""modifae"", ""low_first"": 1, ""pair_ind"": 0, ""im1"": ""/static/images/modifae_pairwise/attractive/136227_-0.75.png"", ""im2"": ""/static/images/modifae_pairwise/attractive/136227_0.75.png"", ""phase"": ""TEST"", ""response"": ""right""}"
debugBN5RZB:debugA8L9L7,209,1548381640367,"{""rt"": 1514, ""repeat"": ""modifae"", ""low_first"": 1, ""pair_ind"": 0, ""im1"": ""/static/images/modifae_pairwise/attractive/136235_-0.75.png"", ""im2"": ""/static/images/modifae_pairwise/attractive/136235_0.75.png"", ""phase"": ""TEST"", ""response"": ""right""}"
debugBN5RZB:debugA8L9L7,210,1548381640369,"{""phase"": ""postquestionnaire"", ""status"": ""begin""}"
debugBN5RZB:debugA8L9L7,211,1548381642513,"{""phase"": ""postquestionnaire"", ""status"": ""submit""}"
